X1,X2
0.08446134293823564,0.9477960952293752
0.66042961449745,0.7896278835836626
-0.23532010365064038,0.894177437877688
0.8769473547983272,0.49124278972323415
0.778673454215103,0.5455274790878366
0.5666986450092044,0.7835233745265733
0.2383641946360351,-0.16216988138748456
0.10340568056466648,0.9493434892197745
0.6443008354029155,0.7807263258851416
1.9393750308187019,0.3710393957398702
1.562099043003572,-0.3824127343845187
0.289342646810175,1.040074957236038
0.03610448058178055,0.37482476667798514
1.4641190410956133,-0.35080890423630173
0.9680509820510271,0.30782075274097515
1.2352005631497025,-0.44077297590095127
0.845258467396318,-0.5149827094815317
0.10508750246207456,0.09772952524202219
1.9508468834731973,0.21884673672713356
1.8673445446288546,0.013316727426822272
-0.8624899166437808,0.31456143360949873
2.046447143893638,0.1994024748896702
0.7314481378122812,-0.5386744179932113
0.8701183673301882,0.5670183152625752
0.6776844349911086,0.8431654969020678
0.8029442123428079,0.5398402107897442
-0.9234605493769185,0.355543055623305
0.010049691290652063,0.5244293445298237
1.8338370447983574,0.04138772032280011
1.3637129552912248,-0.4254080932822318
1.7469131934260116,-0.002328946671775911
-0.6069840799893095,0.8575250646353224
0.0681910601097476,0.22374582781620553
1.5174704114046877,-0.3649532833812801
-0.7951984472784295,0.5256653026510448
0.3558831742360029,-0.21885635169362816
1.7941031633871396,-0.08195007152162752
1.2434746810778667,-0.4727792923627413
1.7871304546652098,-0.31327552264435
1.5082630976551064,-0.3532079043578228
0.04254919087760979,0.18657721887617346
-0.1619341016502884,1.0033839590671867
0.32337352757427346,-0.22380184086029517
1.5066379300216384,-0.33632373687709427
-0.25197892012340567,0.9114100887223756
-0.4510019312527381,0.8482181338626695
-0.6965169791267922,0.7726117122029126
0.40512193832259336,-0.3027734525651562
0.38755927422619696,-0.27939095402396935
-0.2826212391074562,0.8881099469353179
1.0217068671775902,0.19336955112344797
-0.9985179327034632,0.11570775603612542
1.5655823115289274,-0.22492009214064257
0.2899298598029888,-0.06705738635424749
0.50509061754512,-0.4115972200723759
0.8138655893742399,0.324787500864265
1.6550294448573357,-0.269395947713773
-0.40484056617430203,0.9431089020452521
0.7666086218855429,0.6895227606184109
1.2195503322032357,-0.40509541182718495
-0.033660485165091306,0.09386403094851967
0.8957125617533265,0.49596214575938824
0.03429710208881697,0.9644319076319631
1.2793947772620071,-0.4991768434737525
0.11033043335799161,1.0664314752617248
1.2224730852141923,-0.4325358853121176
-0.7002823403503743,0.8706127562748474
0.9275896916515374,0.21787133813975113
-0.9975426689778962,0.26951497611013936
0.7929759278563598,0.5133359138876084
-0.2414197885843189,1.040588409685815
1.9108719959061626,0.407491845801946
2.000173807992884,0.3930548154865325
1.7502416553180935,-0.1775138381859061
1.8683707951404644,0.11823686102787524
0.998574545013228,0.18268040183155348
-0.8169794457136398,0.5290839997339083
-1.0512152968656405,0.04711960898949433
1.9011760622940421,0.04156873253476887
1.8575841577842163,-0.048961062202362876
0.7965267686727859,0.6242898753459715
0.9102443443960486,-0.5301412008675803
1.8121048612559998,-0.26640370072765707
0.02777589830764237,0.2537508737751115
1.3629416372582954,-0.43147672548192006
1.9405655458086943,0.0943819570914176
0.35346921529710695,1.0442079468851528
0.09438170608496015,0.2592013089129306
0.15070047913148266,0.9338677458118645
0.9092743021076934,0.378297556034178
0.579893492461363,-0.4486569511721778
0.23813218014636917,-0.2810512276111179
0.5199922349642014,0.8226554910715375
1.1849091310065496,-0.4722432118474816
1.2263485030626973,-0.4624346552087444
0.441611675842532,0.7874518309419183
0.9579042770821805,0.4191611688537931
-0.5383438033433604,0.9198911940435275
-0.024911858002881863,0.9566569940688847
0.6417463905435582,-0.40108340081837335
0.9913984126959489,0.16850456583348533
-0.2764571717414931,0.9376849134221634
2.019352218882893,0.45464161411379855
1.921244177785948,0.08482184643231264
0.360329032721215,-0.30292825012337093
-0.9292071397001833,0.2626808921780967
1.462225369219508,-0.4481236350157985
-0.9902075706850406,0.3192272713917802
0.054186398833000256,0.30070731330557554
0.45810086780481396,0.8851751171103032
0.05857645499395307,0.9557667295710383
1.892556143544721,0.16164267323664225
2.08422208802029,0.4320944320365262
0.03889430590310511,0.08113716017196629
1.048877206841721,-0.3932254386992063
1.7813990823266006,-0.074779095325255
1.9857886773291298,0.09260101156405937
0.6559564781556368,0.7713043507998
0.08915819393403282,0.005142961529507446
0.6959408741307875,-0.3887914578361365
0.979501194874367,-0.5262416690016574
1.80700421534997,-0.06611858198669678
0.9243702813631504,0.3838040039240214
0.3071364771321597,-0.2297913270263285
0.820175442575251,-0.46569623467684895
0.636881465955253,0.7265577070864624
-0.6441391629444343,0.8847705672223588
1.9701974714264445,0.19225466333676475
0.48468973992601916,0.8597181910705854
0.5762859127878636,-0.4903174455494046
0.9528517094546114,-0.43260018491947827
0.06018372672286739,1.0348583827154665
0.8937580484951158,0.46739533310940157
-0.9163524372363885,0.5785331066197305
0.4434722512990625,-0.39136229839207753
1.7417642901594341,-0.27656975884221024
-0.8522357815690529,0.6560792440385174
0.22326356527855493,1.120128595279876
1.8879611656332955,0.03804621119426586
-0.23629734654383122,0.921366837144526
1.9908428732064634,0.30616554101639204
-0.20378904945931228,1.0086853111506402
1.323946504367381,-0.4702971752400038
-0.03603540294391737,1.0054552287956289
0.8840842157617289,-0.5390704933407542
0.32498119244398804,-0.12775650633715693
0.026891730819394697,0.9240998782509474
-0.6345976924111625,0.8318803274714324
-1.0375678653650642,0.21144780774033878
-0.9569950095854378,0.4236000903927409
-0.9754130593111636,0.38786441090203916
1.0695382809482068,-0.42243331736929746
0.5074920576195161,-0.2866329747123753
-0.9714929090076446,0.3570182542994645
0.41712558477406136,0.9321269391319302
-0.4219240264239526,0.846176265344218
1.954617245429405,0.16554952113768312
0.04984263259908892,0.0760754970940058
0.23447266851314735,-0.18222127908228258
0.22854446535282924,-0.26447657226286253
0.5514120981652271,0.8681296988175882
0.01725429949525835,0.9917143254388274
0.4153325797582623,0.8483608962499307
0.8655998006973952,0.22106800672152443
-1.0062177136389823,0.06342155829954566
0.3012739300865298,-0.36563557612991715
-0.7316000324407261,0.674283055391514
-0.6045814918062101,0.846707103370158
0.18395382833942983,0.0645914124089822
2.035313649511237,0.40280264113626896
0.852679091940674,0.47016376157498446
0.4292379397912712,0.9344335284893212
2.0360654920426495,0.48823993445027053
0.2413581300606188,-0.14339438711196595
0.12308688092872569,-0.008323279472769625
1.9408816656837518,0.45335075921048823
0.5250645524787176,0.8406762683413135
1.6166998912608346,-0.3460354983508164
1.4051321563790904,-0.3778381004711387
1.4857157605454567,-0.35108766433683547
-1.0317423811029263,0.28359197515056217
0.7583427150738126,0.651781694085572
1.8042750865667014,0.017491433822322922
1.5827171669835314,-0.3796980066367381
0.3929500361057601,0.9900577878931902
-0.9670559331165127,0.1921182785904796
0.12476582745188,0.24249840223776942
0.5124879029891116,0.8844466257548598
-0.942994088429852,0.29415787065604276
0.34673360994546887,-0.1817469870288517
1.6787487674326191,-0.22122352878709434
0.26979252753683125,-0.1276866488986352
0.26891829723534394,1.0209022281953484
0.966902592706026,0.14681048069330407
1.9639054698076437,0.4005367160140912
0.9724704207323636,-0.012305158476853678
0.47086259372258293,0.844570753662873
-0.9619077346554548,0.33740213147350095
-0.9994064269466663,0.2434131071718198
1.08856386004179,-0.5048648963536767
1.9722680341089396,0.17118477634715673
1.0714926025654727,-0.5059611275998631
-0.7864702556897917,0.601561814246506
0.11392307372856685,0.04397118753217172
0.4692561613895575,0.9627410496183446
-0.37340347250446204,0.9869336501002817
-0.08725507593846822,0.28465211599081514
0.8299729799866236,0.5289391775895667
0.8966757916120441,0.21717547248202348
0.6109807371837133,0.7501458416373359
0.047311505432994116,0.5642318645130611
0.1572260347434664,1.0013430974112099
0.5190767773845468,-0.45193445815908767
1.0038078460242132,0.17830452605023978
1.4874603872762535,-0.2469337343458758
0.9900348822413638,0.24782127540428597
-0.902780610699125,0.4449590709098112
1.0133556724663715,0.1894401973567435
2.0087605939732676,0.4467636465715124
0.7410486595760697,0.7059023026194663
-0.9041027615834943,0.40787793982001175
0.9846126696292337,-0.5407310675778271
1.2308485118693884,-0.43426120747764796
1.5205931794795082,-0.45233108318776377
0.8609655125774284,0.5115913149742052
-0.6568991286673664,0.6398738644672989
2.057402233800905,0.20331122188977002
-0.7428456426905089,0.47831143865448855
1.8160867256164843,-0.1232850093926553
-0.03206334153957241,0.9663552991277061
-0.9959312041422873,0.1441647623398665
-0.02346371882481224,0.9947732302524905
0.01932556867033388,0.3442114022171025
-0.4594391183113841,0.8260887421878849
1.7107448128213603,-0.2713412857447329
-1.0084202593597398,0.23777738887716976
1.4304508119005699,-0.3734492302835102
-0.8749624117549458,0.32133028633664534
0.35174459229057786,-0.2648603332996838
-0.8830264651550923,0.5490448245746957
0.5665326834583332,-0.3623481887664313
0.6704393904067658,-0.5659698877134967
1.932939346455059,0.24471317923342986
0.5639131836091813,-0.4144786263266257
-0.9231372308271726,0.28220533211721227
1.683213589698872,-0.1932272296826042
1.9304920958284117,0.25549197607067026
1.4027574658828041,-0.42677647481366027
0.6375797662306745,0.8744956426989039
-0.36471753368083465,0.906664776270205
-0.10951811676655065,1.0120514339174953
1.1191125075373909,-0.44167024670218485
1.8361643743397793,-0.031554070054937086
1.016573405937736,0.0400394706380104
-0.37664203709777505,0.8344680981573553
0.04287866484770347,0.49960366472737183
1.560866395069864,-0.2678108070735647
0.8066630678787614,0.6230118422205602
0.7010803809260685,0.5247103677164912
0.3432635085958173,-0.2940353817616535
0.9059131413945201,0.41697714153226184
-0.05940966693729367,0.5157042435083202
1.235432312315075,-0.43499925173361786
0.11820445867642096,1.0069892315266202
0.8873883907664818,-0.45998788741106394
2.066548692335818,0.2307868911003789
0.9423600074832457,0.2521107626792762
1.9513910764727773,0.3852738502785247
0.7952014793345077,0.5962482659859427
1.1054803969593152,-0.4444412968454384
1.9106448246334637,0.06832620123947289
0.24394778051847268,-0.0545526040532846
1.5907749046445336,-0.44678549680164054
1.1062573459878213,-0.4852827886442689
-0.034839333932927374,1.0060755532436727
1.2224116668786333,-0.5218162878249333
0.7765996699350286,-0.4679043342445229
0.384054098607187,0.9072037751933938
1.4993480961141217,-0.340225552856304
0.9028868179944198,0.5297955928180018
-0.41635880067239706,0.8775964585077982
1.9649264058385294,0.3920263635478846
-0.9766920493111486,0.17464349119572214
0.7823556612759845,0.6024072679076884
-1.028646446800839,0.04091744252264829
-0.979130273179711,0.09413175066954864
1.9470245309258645,0.12128851585646794
-0.4698012277545189,1.0274632872763672
0.5843287613835619,-0.33666140580487364
0.595165932942973,0.8042005373850747
0.28798527366673826,-0.21893437902441376
1.0097070768712406,0.1367808161691144
1.6629803799982696,-0.23531411953173612
-0.49061655117108777,0.8834391714488992
0.042080622281624035,0.170820669332966
1.9458522765920374,0.12454554938249658
0.053716870490257605,0.17126339536344934
0.9142744089122575,-0.5075526301603331
2.0389612618655937,0.4755261557781495
0.9563759782434254,0.11315569492914265
0.8684062800126277,0.20834055129511864
2.002195923165555,0.43839908481413326
1.5758741570217625,-0.23175251227766264
0.7754643673851942,0.5658625327449468
0.2571065996773775,1.0137892786243794
0.5233626114964204,0.9368975516983267
0.07681070257753848,0.1002407806456958
0.0829026902256605,0.04278594607567103
0.7708271434728534,0.5529960155696168
0.9134502885108539,-0.4691751885755382
0.7572779704685327,-0.47238513423006423
0.9258296354621335,0.3567084250931855
0.5017591842678694,0.8008082327439829
1.5955273982160512,-0.18491481475267707
1.6047214245049983,-0.36767971273274497
0.19830974471954715,0.9459033827041703
-0.546748116008504,0.7645689311006232
-0.8424849634025742,0.28895161092327876
-0.7771053025555656,0.6103217921569271
-1.0275749274230865,0.07720744397930666
-0.9981651215981525,0.19687696976749092
1.1631548507195988,-0.48481110152850976
0.6835579890728809,-0.42536533027530415
1.0049137355264208,0.1376761400047809
0.4503146931078721,0.9590139849743246
0.5129380705395348,-0.2466846442358624
-1.0362329963393813,0.3784147228038863
0.9010174722123129,0.46712644790949776
1.2191607587508986,-0.46395715386812625
0.9247284310994917,-0.6506270389217639
-0.01899022079080067,0.2845307697944831
1.5617834032281455,-0.2507020122748414
0.9943250472217277,0.06635179562839003
1.433058077107335,-0.40587406177586477
1.4086685582382061,-0.38812792729605394
1.8906572135470237,-0.011110762540326072
0.17495562562020706,-0.026092452124211303
1.1972277333844432,-0.40219020384513293
1.9524544644143789,0.358222816457704
0.8004801046996137,0.7105047175135675
-0.018549478547061182,0.21946515860212173
1.049192022601823,0.08169669274816507
1.9012254489638314,0.3132203434739181
0.22352248125756488,-0.030158392361395458
0.16745759112307035,0.029469016255413608
0.4603147671693556,-0.3027193714782648
1.3876793149435989,-0.3868649745765253
-0.08396634841343724,0.9427032775493099
0.6256626982236244,0.7539928939983135
-0.47692237438003365,0.8406762151452077
0.6828476691926267,-0.5288627469200354
0.7050161175592364,-0.4880523545362911
-1.0528921146344503,0.06838191619590338
0.7965809453009334,-0.5026244385746232
1.110710951726043,0.17819084151880563
-0.21325509825763478,0.9504239994454975
0.15452135267812156,-0.12811133445523734
1.8448682481525212,-0.11810454928132327
1.5605708310228612,-0.3173000883329844
0.7480305699060927,0.6346691700895069
0.74593533690818,-0.5269317239295207
0.4275166076768508,-0.241016607053696
1.6785306675319678,-0.17108740209481418
0.9721240746407381,0.28249285194362783
1.9351363371457682,0.37862669539499455
-0.01931719663098274,1.0453896284836193
-0.6369766615798178,0.9042684216921817
0.24107956294240976,0.9280545055508375
0.09706843113349076,-0.046266390618173545
0.8327395816134119,-0.4628219648881428
0.05064527959148063,1.1199959932151946
-0.9294065997294764,0.24954090561096218
-0.0032702412046240765,0.9481151382685029
1.4321277120344715,-0.4102948037415215
0.0667195360060941,0.4855554180763144
-0.9209551156941417,0.3255561574759559
1.944435213426629,0.36232246557882897
0.3983172683372875,-0.3272695483729259
0.9181165856175116,-0.5462788701982981
-0.976769515366066,0.4438391319067075
1.9080926052845795,0.10134501335352225
0.8221765344132687,0.6346385599725323
0.6822271428819643,0.4839644424427115
0.3504405571165869,1.0378699397912445
0.9442283974290503,0.21259409296028364
0.12050674048140603,0.0539291731753062
0.7349047365602495,0.7676539027792448
-0.0013164305493492887,0.27795409813475086
0.9570338788658421,-0.31640377166831657
0.12633118192242215,-0.11743058024581159
-0.8888462488456931,0.3147372735123843
0.8163840947946305,-0.5398529764611124
1.2477889857802686,-0.4270432743647663
0.7375545169925135,-0.411225606239759
0.8501287564486888,-0.45529788005995
-0.5061069173883537,0.8390737088229971
0.7714377470182413,-0.3653138935450967
-0.2710190787491839,0.9849206513717056
-0.37853285803970504,0.9184837761101308
-0.03629181663797589,0.8736045380215883
-0.09501260318036758,0.9644005067677535
-0.7142452086521354,0.7032789657955838
0.3522162152638973,0.9386883226755844
-0.42660360470808484,0.9749499821696054
1.8168562933456307,0.020924994972236
0.09283239589021758,0.942723152511388
1.7878208736261474,0.0014091721001839308
-0.9744060734508246,0.39128798695363226
0.9721403666738532,0.24417623799151955
-0.687490775622667,0.6494238188812888
0.8758091640556827,0.4337179572143609
0.011410372281872323,0.31637032550938227
-0.4399788966974357,0.9327765370556904
0.7082904125168614,0.5851160301976985
1.185396495290373,-0.43499216569469984
1.119070645288602,-0.5157313608152609
0.47985186988545875,-0.30722816526615954
1.1708249731328995,-0.5623591142589018
-0.22385299271405107,1.0301112249960964
-0.6563102572991877,0.8430909497319421
0.9147445104501561,0.1912050307877198
0.4294905423242209,0.8410570042446945
-0.1574191112611941,1.0778978079408905
0.9510523307550162,-0.5328452509783712
1.3365885177191397,-0.4267568142220148
0.7957697344410777,0.6548376612237806
1.2635786058739462,-0.47472235911482663
-0.15100240440945187,0.9360351506947621
0.9826859860285314,0.2976267120544463
-0.6960478779614555,0.6745842550672863
0.3595842730944221,0.9667858014480883
0.9805070282215124,0.314356328960303
1.0029921272638895,-0.49923350946233797
-0.7524120693202175,0.8025243326742463
1.017139305613366,0.043748468524168825
1.0157007472700017,-0.4440228018432627
0.9505034127801073,-0.48710403141886777
-0.9517272148767009,0.3773136107852304
-0.04867315460415014,0.28707789418869584
0.4329410473821742,-0.2779127233284632
0.5579649563690405,0.8791912683472921
0.3551783269022418,-0.3947827868117719
0.19754252633107056,0.023025906680742607
0.4600847313951612,-0.35610396118308607
0.030466707549953367,0.4311045869087335
-0.8795954941718828,0.4404009520435117
-0.6352336773614766,0.8166303994411065
0.8645675113182762,-0.44353405940968793
1.0557344927729517,-0.6054511809512584
-0.6066469238023531,0.8059886590689157
-0.04018096284990279,0.32844236142360317
-0.3178516256523274,1.0070023477962928
1.933200707292926,-0.010304296394039465
0.8922505444181339,0.24081225695780303
0.03247714222275355,0.3503297334740414
-0.039154504395856334,0.525084666002952
0.014938631987524723,0.1101659637559011
-0.8589047517505068,0.4515758952947354
-0.37543242674885546,0.9732287033338685
0.8552437447768976,0.3177450936474263
-0.8117195276500025,0.6568647528210579
1.4587382284877672,-0.4067155502389095
0.7794112585365404,-0.45618184738427425
0.9655039275374029,0.13252672152053568
-0.9414593793783576,0.3395001030637038
0.9688677212437249,0.4869412402771183
-0.7360600012171329,0.7534614931748687
2.04173711581066,0.3089286771267755
-0.9199733024217469,0.19966297885718773
-0.7459419222863524,0.7234392306757184
0.34481616164724416,-0.2965157769573336
-0.7434058691319997,0.6629875706905303
-0.9863429847383691,0.43922883453309847
1.474667514604834,-0.39806599382049
1.0006176118909331,-0.5597813337417068
-0.914588895249152,0.4928763319138958
1.4407550095272341,-0.3792660259954689
-0.04468997142450437,1.0247870348406158
-0.9770209097900109,0.25555184209085946
1.9429467815876942,0.053950943685602576
-1.0034947990544307,0.3232512272238624
0.7813051442301792,0.7326030924178737
0.11790779576489986,-0.07707861470158531
-0.8890662806739482,0.5318444315895602
-0.06761277483668753,1.1287347841858268
0.5242192769393244,-0.42454948524179165
-0.020866308244831572,0.32797548057685816
0.5976972602409207,-0.40538377493686484
-0.867035390869831,0.5596934598596026
0.1569911116650622,0.04604603470118583
0.9603028114809022,0.17095250792550762
-0.2213404194609893,0.9701800222065712
1.8885782181921733,-0.007202512393642897
1.937731522317201,0.34358339914957303
0.003921895226604507,0.431161517459787
0.6214858420897506,-0.504484468236475
1.0312945650972813,0.16169945037828895
-0.013752180010048382,0.17817537958609167
1.8731311123127272,-0.06255289514143443
1.3183595393262975,-0.3659741271500559
0.6239459238666452,0.9045724473017931
-0.43274758931662544,0.9557063171903017
-0.8715108583688443,0.46436792087025147
-0.9422653458974215,0.1640382599172489
0.4825923542299953,-0.3322059333399211
0.008100000604466515,0.9401395687224634
-0.35611518222720584,0.8694260669028852
-0.7031354140231558,0.6278468065238014
-0.010732568650658438,0.5101526289424888
0.6048148717933762,-0.3835916163255197
0.6253626194903967,-0.3992530947916129
0.3412734398483043,0.9590197969010729
0.7223007149413222,0.6470863364238941
0.3173707914230834,-0.1162643056368976
1.105364275850514,0.024563838281844726
0.9742544665715162,0.1793892217456588
-0.9978125449509582,0.013255327031511405
-0.9585465646167652,0.2523644204895821
-0.04882557797868417,0.45525135103376463
0.4800512134885549,-0.3490995191496958
-1.0066272816717894,0.06430753870316747
0.9065667426286821,0.18984197007192977
1.9616043556155955,0.24451708618963602
0.8785133994301046,0.34791283770939746
1.7025473507523965,-0.29725706314213246
-0.8533762109602487,0.5384222648555792
0.9569921146823449,-0.5334125498624304
0.8905626126661619,0.40920543199918813
1.8958759686995827,-0.08138623093608353
-0.8336251203346021,0.7048673696941244
0.5695713712505814,-0.46184820700387474
0.9147924834229619,-0.5629494198029015
1.9937734219920786,0.5196327875248734
1.0446643122111117,-0.4828720257758038
-0.917454114599244,0.2992619035462233
0.28269070350419007,-0.06887176686634312
1.0219610941198918,-0.5295239279269772
-0.8343736524910711,0.4266424215998824
0.2123477254598537,-0.04010550897900197
-1.061476232945948,0.004649559358682172
-0.5845895663461325,0.6939560518723473
0.9684533014083722,0.3483556156995394
0.013290138971515562,0.1252630992685096
0.5709494071505116,-0.45933488292964175
1.4305985019635952,-0.4847388851961724
-0.8388449397975603,0.5904041990248803
1.1691032882441663,-0.46843408400297853
0.08700636977870262,0.4431066830956434
1.009104193879115,0.2295543544741712
1.9372276530402988,0.28696966184657835
-0.8123250364453344,0.5295128221024513
0.9533640426405294,0.13444044741461486
1.825353544832239,0.09150939673873643
-0.93180280069531,0.2647600618231244
0.7365687192322359,-0.4788586009475846
0.855423667325419,0.6454910989621176
-0.32349654359412106,1.021978558075248
0.2723522360773156,1.0300206266419554
0.29402016998881864,-0.17907126728540823
1.5985549311197322,-0.21515051462389773
0.8453734937524051,0.4419348031563746
1.747681706985289,-0.23257792351647563
-0.4435474854224098,0.8917904761819503
0.026024668122849356,0.5415398356523635
0.9836796145837036,-0.5553528269516576
1.1506701549835792,-0.47172021177302825
-0.6615443237211526,0.8093291356453909
-0.26086071744561556,0.9939581101040529
1.358666234297236,-0.47150290143509765
1.7176764990268216,-0.12222932132537544
0.42616125758364043,-0.27499434756748947
-0.2117857504433459,1.0472023820361167
-1.0156946734920276,0.1691655172367838
0.01569111850417678,0.4355434826927829
0.6159261465672026,-0.4148515217912885
0.628772403135019,-0.39608445303260853
0.008417077705866577,0.42161979328202936
-0.5741242393046166,0.7101207523631696
1.764691651436448,-0.22918158663539057
1.8402182452501923,0.022454705076215244
-0.9751832331947834,0.13446670848874362
-0.5221210337589428,0.7955429077806178
0.13064775254685584,0.9956407580081347
-0.22030229366871898,0.9013351349420173
-0.5832606818865333,0.6960118546003816
0.22632159033546986,-0.12609190088237865
0.8517484943013056,0.4540393533286856
-0.4682300194375606,0.8606364961531399
0.8255071876146137,0.5523576388466738
0.31080371809948454,0.936734015700578
-0.775385163834697,0.5689360229398401
0.8357169901572593,-0.4903732748180409
0.6166302815631146,-0.4338838358064468
0.13908572628233937,1.0272978662268053
0.9388533046947733,-0.46397192814623966
-0.9628905068779023,-0.018844665159626454
2.025270104818866,0.2507105764925671
0.8489333232678308,0.536466930935497
0.9164346839855356,0.4359287050296087
1.4398410054187445,-0.32948175426292353
-0.27661090260351123,0.9716409493224898
0.45086384498107307,0.8877862430962069
0.43035057511007546,0.9304586688175411
-0.03887962779240245,0.1757672320538309
0.41287397996419084,0.9343655797671826
0.9552912269963638,-0.5039715514281045
1.9210812359510063,-0.021067548336064237
0.42181337374671474,0.9672648301477086
1.908055595941569,0.160865003417727
0.08930038727979087,0.13249563500109932
1.5738324961565089,-0.3500612537526027
0.6376377808333518,0.7714706866023765
0.5430444052442138,-0.40799122239619723
-0.26826787333508106,0.9283970202787695
0.45701609375684005,-0.4548485182744815
0.3526449291898012,-0.21061864604953454
0.8714287665873242,0.29122315014461364
0.08880248399469923,-0.03394062696647877
0.9629363956274704,0.11197198176864101
0.986894898691668,0.09409929542645903
1.0458303636204824,0.21518452025767706
-0.2190018247236621,0.9287855512629128
0.06048053290050944,0.09340499138291608
0.05454019589824273,0.17757663702919674
-0.8209370876914031,0.6692373161038462
0.08150114092058779,0.3626542411828582
1.5047393733430796,-0.30945023147338024
0.5801991433164763,0.8243826880031557
0.749259318316401,-0.448304274583507
-0.20157070234065544,0.9738044789300797
1.9075691149386493,0.19718900038437637
-0.2883183644936365,0.849498802674334
0.742008642662915,-0.4605590497876965
0.9558217758998835,0.06184798574198119
1.2692252692537356,-0.44277319987726077
1.819420510818827,-0.14881903566009363
0.05984403390836664,0.19331633920691943
1.070983994514461,-0.5137192645471869
-0.6022539550974103,0.7993663735767403
1.9738221512530316,0.33236976141694147
-0.7780155232309827,0.6346087719158562
-0.9234435874333089,0.2577424917518364
-0.5898094328990668,0.9334096703988651
1.359541242596048,-0.3867449315541134
-0.8973061667220514,0.3242590149898177
1.957768251751772,0.14493983610961253
-0.3588332733799756,0.9329534829151345
0.41879320711907664,0.8607496455609781
-0.3206640620072587,0.8883502886088991
1.8197949455157545,-0.05052311542953618
0.0007615073185446349,0.3614999199366592
-0.6543910904720716,0.7466948004754944
0.3314473418814254,1.0701899095300509
0.03905493069006815,0.10196319411537436
0.25078193389033276,0.9756804160667019
-0.11337925050982103,1.045742869465897
1.852513310684138,0.05182927313427235
1.7688296587900112,-0.06327662656688647
0.6275189433355113,0.7338237058007516
-0.01756374648616604,0.3853763575751784
0.276258825353143,-0.23668758503823817
-0.8697872107068878,0.4066770913559781
-0.5021655724388406,0.807714905269059
1.5918684142598418,-0.18437622549441485
-0.7931485646918032,0.39777831307754313
2.0042008917409024,0.5073867275782077
1.0802263032989645,0.22568948848671655
0.8491317315274903,-0.5608864890813671
2.0305346152308528,0.2229241543007588
0.3571426746392741,-0.2624003966132461
-0.8313507592779646,0.6413686140604341
-0.8371783130210022,0.5122171025882397
-0.962302630952101,0.3178380939836334
-0.8088568187896782,0.5618840291979028
0.5800195573968326,0.6939323458985683
0.11724197136608029,0.9378488867819251
0.2683662250714675,-0.36304649829848074
0.3638502094413411,-0.38789740820784574
0.6404178896005283,0.7489201658180533
1.9242310486303547,0.19691916632012801
0.6584141626685716,-0.39327540230436925
-0.13018569503246663,0.9697201406699815
0.43110140607251757,0.980984281061106
-0.5570773997602263,0.7370745677076406
0.012005828033838012,0.20164014873616887
0.9203862039179753,0.4963248718115055
-0.6379333560691186,0.7224242043654489
-0.6376343722018567,0.7992094841395428
-0.8097290163738997,0.6457338583274788
-0.5020804773893534,0.8584501877910747
1.4018056575414473,-0.34565583203781075
0.27310885442456817,-0.20654811236850235
-0.6864932548771138,0.7063083033266709
-0.9854839285165261,0.4150251303431518
0.06483834869017656,0.14959215719405006
0.007704297120688184,0.396715065396453
0.11776360169814519,0.9735467068018674
1.8051810165262236,-0.16156615023932347
0.002333117351509444,0.3797431237417625
0.5795796373599761,-0.40899077875227136
1.4596040207746086,-0.48177467622443254
0.5122063027427373,-0.3291611058870338
1.423889343650917,-0.3116043643981446
0.03244892967486861,0.9320764826647213
-0.9153914871958102,0.435158320309903
-0.28354340011826007,0.8754766249535619
1.9710484437131024,0.41797121340688215
-0.5472485900533158,0.7805121664895854
0.9819746207534147,0.027773710423516264
-0.08281499318476027,0.994534113959323
1.7965767190642645,-0.07841462544839128
1.0711278773664672,0.022397628719207557
0.1637095761692955,0.46949942555443225
0.7075057797011108,0.5829605788461149
1.1431401969653492,-0.4984005240827592
-0.02819567102574179,0.4010271798638868
-0.617332702014902,0.8133798404531611
-1.1110236761966088,0.09598067983238348
0.9624268894432236,0.30896629410223153
1.886972946363302,0.16794515274781108
1.6577148323748188,-0.11766653116192091
-0.6166176929521442,0.7894909605746648
0.891178155917516,0.3476616602767708
0.6747507011924891,0.6950531830824365
0.2885485537188731,-0.21930399694916944
-1.0123210602851538,0.1661035948889772
-0.2630630981061774,1.0056153652524222
0.2567523987594219,-0.10458674732880456
0.5339216813862779,0.8812210742329052
1.9642907530838163,0.48368391682481837
0.22747426920471042,-0.10220850252714095
-1.014449654686116,0.013492221185399588
0.2543670330765429,-0.3026529204514687
0.9357029236832762,0.17838055027694943
0.23711483795685906,0.8997537502267943
-0.3788086219657421,0.8505403770004525
0.11062327835473271,1.0232741139142085
0.8127771345420624,0.5945449572287018
0.7723027628335345,0.7174802912498207
-0.8275110984580649,0.5824507160139848
0.08315583348379361,0.10635314461527959
0.08935709074447686,0.10405440786391164
-0.35144076152781467,0.9315765289741983
0.22940709595637665,-0.09250124224865436
1.8404636070840446,-0.10823331684923751
-0.8108572894278863,0.4957771328500179
-0.15394603205149882,1.0721272963190613
0.5801155232966217,0.8844754998286743
0.29216504832241064,0.9847077652719709
-1.0483644545710715,0.19667978537636954
0.5006338130498401,0.8398521044835225
1.0114231184769276,0.39719605368037914
0.19340254297965537,0.9485176054140266
0.3749108059764414,-0.43624043122226713
0.7251503906491538,0.7461492349687309
0.7751795860233799,0.6925387602628569
0.14482794261804033,1.0024932083978677
2.016554153928004,0.5755019281444993
-0.4545081344611097,0.8802274240318233
0.4285236357461731,0.797959869685491
0.43380838588962806,0.9619389450953041
0.15131250630959964,0.02576692503126734
0.8678573223553339,0.5879626381333822
0.1045660700905773,0.16745407527229778
-0.22447119078344,1.0066526713114943
-1.0029627962371466,0.14383580303017568
-0.6274733605927024,0.9084719090561072
-1.0129602437992922,0.10968676386573173
0.11977915001182055,0.005732095023143272
0.9386516214611085,-0.4359307818952657
1.0319928741606028,0.12702947542267662
-0.024584630873961892,0.3763125650212546
1.0040588283196736,0.13693582169216056
-0.9960016457016184,0.21211330414875404
-0.9419203675725937,0.1325833724691482
0.7618723474386405,-0.5651994601016532
0.016612964534882715,0.23905698911964454
1.3924593010211364,-0.3398137988500197
1.716193944932538,-0.09131404011283432
-0.04780266197876089,0.38557007344575145
-0.34316539228220644,1.0038921748340917
0.8013595354657969,0.615673333852197
0.7941230026560933,-0.4092357551537387
0.23563173510433338,-0.10375363794666213
0.9992597743834799,0.07146588922200886
0.11635699776080771,0.061878022037766475
1.6468871602123507,-0.23959091556163392
-0.03063764584002803,0.22233778634152385
-0.7712136363017071,0.5273000976033139
-0.952655860216524,0.03557855786355923
1.7626991764105064,0.03742779569585554
0.21332766598722167,0.9366475004598493
0.26661008776230655,-0.09855215915961474
-1.0498397428220847,0.08850006997205953
1.3752426173485621,-0.41384811960722645
-0.03851279554887824,0.9451236850851753
0.005838285006565117,0.4106048216226755
1.5639383858886724,-0.23853501338475558
0.9906962663969746,0.3876857029195992
0.9297050014552752,-0.5401259816966909
0.704135750591363,0.6859508596216873
1.023057082831159,0.02290999088678658
1.7978234652633414,-0.013098919341515636
-0.6184130553132928,0.7870045861537369
1.798058657361826,-0.06732184391582495
0.9596250026808428,-0.5448825851674456
-0.32198014061065167,0.9495518843172698
-0.0011784196833686234,0.8873773734273946
1.5299752472116677,-0.38106642133870894
-0.23022999214938433,1.0910833096017494
1.9425491222684603,0.2827319394221615
-0.23599971508217035,0.9133851588479321
0.9908153575855287,-0.43597454389824
-0.943907933434871,0.3959818366504796
1.8581518266614514,0.1384993529238206
1.8991996587864892,0.09453118723384617
1.2583115174862671,-0.522301570295924
1.127150838082185,-0.4101603939002364
0.5094948913837841,0.8811096092986948
1.2766929480484848,-0.34738790574519296
0.689983253295795,-0.45684267369730847
0.8335783567103873,0.5528622965596899
0.6019355287954429,0.8198886360242346
0.1770476207060982,1.0256168814842737
0.9267352811973624,0.3625710031916033
-0.9769644518288332,0.3598405030345033
0.10687413885638261,0.9535452260437585
-1.051264959764368,0.005155541952224081
0.8263608577723134,0.6474099214742135
1.7362797791233064,-0.04001091579897537
0.26101520802990313,0.895439802555054
0.934091695477413,0.10641587564337149
-1.0919524170098933,0.04654500893423598
0.7567372780762326,-0.4796408977008142
-0.999375810907768,-0.03266390594462061
1.9975855194124463,0.44486138526971986
1.3370286389419421,-0.4799767416519298
0.016701202487335427,1.0090619773637093
1.0292139093054242,-0.5039616725407058
0.33366767410789566,-0.14745456776021534
-0.972927254204837,0.19309141722218703
0.7704171140326986,-0.5824736974873838
1.6964576864045942,-0.18541095765697452
-0.8911129992110083,0.5489101600874141
0.2636090799796781,-0.2684935213221567
1.5357424765247276,-0.23637212897316218
0.474354080204175,-0.3053540027059654
1.3513936130091184,-0.5218513963665261
0.6748119942980911,-0.48231536157287475
-0.518828445947703,0.825514223563743
0.9505896994819266,0.3944872176282132
1.817877836521535,-0.0642096282056395
1.4848533109244093,-0.4134022144187788
0.12651622730575848,1.0019731347154994
-0.232942581251176,1.0430740616553782
-0.7838135273090461,0.5581906798255698
0.08063067662119987,0.4344021692136025
0.751315586073102,0.6360385480070561
0.5230849294941049,-0.39033323870176545
-0.5820323603442756,0.8180625099070299
0.8159297453991837,0.4495931545892254
0.9710513584362745,0.1705993261361105
1.4935973663727586,-0.4212298162715238
1.0603048857698458,-0.38571523345470227
1.652240516840764,-0.2471708753478773
-0.5077547250600059,0.9315777123893666
0.8569095072075877,-0.4231893674513837
0.09571014692057847,0.17441170827382946
0.7263739134189852,0.6745984066954077
0.9944146743164272,-0.5293754645990324
0.30961728248498693,0.9466172909828678
0.9290796222507023,0.10712463402212166
0.005108236853713054,0.2567867498953032
1.8644083343212232,-0.14550523066182838
0.3786348752380333,0.9939313210705732
-0.4526309191679928,0.8781486062780348
-0.9829798072435555,0.29139722556876735
1.6614136704457252,-0.28949969465128655
1.1006514036464634,-0.5312058134559838
-0.7782349428971462,0.5340235096041507
1.9554356632062921,0.4264239089600772
-0.1768432531258826,0.9791590417705993
1.7487926303066454,-0.06750516944876081
-0.9396034575896561,0.2724409367152395
0.9339210134758431,0.5090714461405895
-0.6209825130777324,0.8149518165530518
-0.25089469095913003,0.9634561667503913
-0.8970219569204919,0.5083866332313063
0.8645332530342461,0.5881529664702869
1.604370805879476,-0.24900915324907158
1.946014565389143,0.11073596955357923
-0.4857342828902906,0.8107479243530917
2.0183459971707043,0.3793807192207652
0.5846850013663466,0.7661372822652023
1.1673769042368185,-0.4829548832377486
0.02794285190692733,0.15922375117182672
0.5554672971942937,-0.43537573431120413
-0.899498871014426,0.12453487309918829
1.8694908032711812,0.10238947748376094
0.7496965594981911,-0.36110226750246077
1.963422242530744,0.339691142216197
0.8689619441812044,0.48917826406995757
-0.6482045672332084,0.7429182023732985
-0.5770211558691495,0.8010659210479278
-0.7859894380655743,0.5588607860291825
0.004035239623914843,0.24880157958751967
-0.7298573243547113,0.8082628581891915
0.12388877087318362,1.0277056991519788
0.056461964828091876,0.28606687052364876
1.417391309771514,-0.35558342782613755
0.7122591106024856,0.8040267395184323
1.9237550829229746,0.07902879354931894
1.7282909710693242,-0.2435801812465935
0.17316157639847507,0.9317771076395955
0.478561958778822,0.9452435625123342
0.5763585872985412,0.7978836299655164
0.16726876965691548,1.0033250571429952
0.14532849784140384,1.0552907710589838
1.9172111301967119,0.14686187623119537
1.5706179669209905,-0.31976143163839893
-0.9493023656215336,0.2136769223153866
-0.4918095104619392,0.8390395812914395
2.0800796936441217,0.3624167467380405
0.41807172159242195,0.9471830298811339
0.373751242666691,-0.3057458467505139
-0.7184061076686793,0.6719201493042049
0.6876527957369657,0.7016874422345761
0.9458119036094793,-0.12147558678054166
0.17106862545575235,0.28154178375131683
-0.629154387129299,0.7399764483999458
0.41916608455976195,-0.284080965774268
-1.0360008248732475,0.05490749246288011
-0.6764783021851188,0.8217141372653374
0.525297274673583,0.7915631148104294
0.6732157504348494,0.7825220287465275
0.2603776772732451,-0.17611531690069834
0.6832979336434918,-0.41634305515253417
0.03713636779786417,0.9347425973995017
-0.9720736348010656,0.34604320484760587
2.030688500551037,0.45365782329206383
0.7647148444733696,0.650112655068509
1.2296046340273448,-0.41768125701832093
1.8826626651071656,0.010107693695378943
-0.22774604344836943,1.0508115139916079
-0.340892361272249,0.9036111333193063
0.06890237667445372,0.23689046865478064
1.7643615995887536,-0.12537947021715745
0.35557505668219863,0.9465079473372
0.8167807937896383,0.5983610852307693
-0.9501789063001136,0.1882429149672692
-0.20935629896437416,0.9684177115902276
0.9012882912020203,0.31268852056367585
0.1009161132547798,0.014516992949749254
0.12401879714019104,-0.07638671651839936
0.6093296975208621,-0.40794597692120116
2.0037090415753327,0.2089057705885026
0.047444121634170965,0.102717781822595
1.9705848052748383,0.2613031854534922
0.25479555333301,-0.12705975301308403
0.6114072884009383,-0.3868592605051085
0.5301075286898032,0.8095633682071549
2.0314457723086954,0.35609460101734974
1.4722654677497493,-0.24307100993566197
0.8895292555587107,0.44566733675760345
1.3672007900758743,-0.4160625039561517
0.4530211539495591,0.8551792099651414
0.12726548929435985,0.15107583206084968
0.8474219697009256,0.3686040075989089
-0.21654685538558754,0.9406594967213472
0.5906757096346079,-0.4326561682728814
-0.775496891556835,0.5731172271021551
0.06113018464600349,0.9943622031293048
-0.9647407542142437,0.02876117003830351
1.471151040151519,-0.36210266826021903
0.8458647235735702,-0.5144979174622014
0.24248802318442172,0.957925787091988
0.8295709953665471,0.5005483975793653
0.46407073088374406,0.795184918081234
0.5242164713282751,-0.37861551290363893
1.1394552560121742,-0.5021199134421893
-0.9320038819756188,0.5018833985909352
0.019196048835782048,1.0711557993302223
1.7332676075381728,-0.28578410309457847
0.36797826445566595,-0.3184280655043539
-0.15489832916048876,0.9553052030157042
0.47572486278395143,-0.40446707754722855
1.9712659002898862,0.42859237036489967
0.5150449393489952,-0.22940546857292993
0.8250946128498547,0.7031108667963525
0.14119126674048038,1.059929438520857
-0.9872262696160996,0.35708545089123667
2.0100548903678366,0.21339833625887156
0.4567029156024392,0.8515197006655898
0.7616268514989221,-0.5137077150094158
0.4295349908122384,-0.3755588380807261
1.1157593579302338,-0.600926346095721
0.2938535260034323,0.9947340094206713
1.8405277022541815,0.016603516387307976
-0.025414565181920253,0.43826228330632
1.3451014847495524,-0.4811635455269783
-0.7902503428011945,0.6462900051903747
0.864654273383097,0.40998573340528066
0.7585582306723142,0.6700474609166877
0.9903869936995786,0.15626000197989937
0.7186669159419192,-0.47489661816323087
-0.8568142970035414,0.5658430227884612
-0.3550369456363585,0.8617088647326817
-0.8950187337019606,0.6043940542705781
-0.8684501616186545,0.4754103674095995
0.38004585633842497,0.9705053287507246
1.8928908692218163,0.15238048458035458
0.2669631954756699,-0.2049451880309663
-0.23884603846217298,0.9337617463852479
0.6901880284656532,0.6956490089877345
1.7239515795887683,-0.18071628409575913
1.5713334029263064,-0.3552459004572351
0.9848340038236237,-0.022426337647506633
0.607787586388233,0.6959118045206832
0.48810423829694866,-0.2964300162032822
-0.17658581371196427,0.9456826760551726
1.4434708974766641,-0.3946227880540664
1.1592390733244686,-0.4812621621641668
0.032208757658934974,1.001592181892796
0.2605240884477177,0.9672023390414668
0.13661353292389344,-0.11006080463185294
1.364914251089242,-0.5268276056769465
0.5579411043745232,0.7943853137263397
0.0678930034758523,0.013046017000066912
0.42384945757476267,0.9436722608130305
-0.9346452236470972,0.07747921829948062
1.999654941025481,0.18273409949093286
0.3628273415770703,0.9165469121996085
1.9227092980963745,0.0812678445423013
1.9485294681798875,0.20934701558917385
1.4889073868609144,-0.32067217046702884
1.0833826445172574,-0.5209710809271564
2.0140216848105097,0.4371484949270288
0.6951351363508689,-0.39644847721260507
-0.6790975950360145,0.7504453725884007
0.13683241098023496,0.0343621697245704
1.5077354373712983,-0.41540846401438464
1.7065850757870182,-0.17906072615382396
1.024339567047265,0.08303885417796493
1.9091899287380942,0.1419738074317269
0.3581746400442002,0.944070858247196
1.5468735653348984,-0.4005258805120968
1.2754711338511375,-0.49870226476582324
0.08036535817864067,0.08290389484159773
0.8696803919830586,0.2904412959651714
1.6243478744984785,-0.2785243193110588
0.2265210478052037,-0.020475072598211796
-0.4426276776941157,0.8701309074747129
0.1480675052290065,-0.04555028015934831
-0.9384670572072735,0.5965345105844351
1.8547891552979083,-0.04129898362322312
1.9721493814678983,0.08786153047429876
0.31830012906129385,-0.26619892567649006
1.0998942429052327,-0.4965320360748495
1.292005930983434,-0.41208609632287285
0.9452119409589617,0.46702096233949353
1.4493355598455964,-0.37061639999970175
-0.7104429366670186,0.7473433597078676
0.1341757645585592,1.0384030551424772
0.5398601895456376,-0.407991951912187
1.0059720666207526,-0.48136472219105625
-0.7160831411369826,0.656580030954864
0.34736690391850633,-0.23681700659065602
0.723935007026331,0.6261810749123361
0.8781116040140915,0.25554195036718336
1.0277225582639669,-0.5241163755503057
-0.23244007345459317,1.017292801379064
0.5034921689565666,-0.43405083725027604
0.11030460795259854,1.0384659503344498
1.011038959081586,-0.5087825830473582
0.16385971564845891,0.004808309005136353
1.8149767772437686,-0.14526380781305298
1.574439412997856,-0.393638672221864
1.5309354509316384,-0.3956869477561681
-0.5377709575450795,0.8064550148925083
-0.4195673500794374,0.9649514718208047
0.01368166071426754,1.0114475162997498
0.01648774494716143,0.16320701076240204
0.6924129590814198,-0.47863623228769786
0.10090829113599734,-0.028257623962919816
-1.0193509992119754,0.17542110119059956
-1.0129236715101009,0.024408505045104546
1.341598796976407,-0.4749220824290011
0.2333088139325792,-0.16646886709540265
1.1233565731290416,-0.49644102473751645
1.9869071579736226,0.15964013607586297
0.8282021309226597,-0.5141619847456242
1.1913988277875578,-0.48300841388434096
-0.5532097830913305,0.8143475366526014
0.48467941380693197,-0.37766765873864694
0.19002075113228944,0.9495408867706951
0.6997512878594715,-0.4978594978876733
0.2011525459441109,-0.07356374942935222
0.6890990399619913,0.7618449922067594
0.09268266661888072,0.029092397912280445
2.087648663391591,0.45977671531592307
1.8312309674209133,-0.060040821120492575
-0.5611851690167232,0.8633836527176433
0.8963170710781563,-0.46752547075049017
0.8547153640907867,0.626640490056978
1.8132733887979509,0.014285003645259276
1.6614182258662455,-0.2597533675075603
0.7364023554707751,0.5849707574682753
0.6916873653126168,-0.5007185250418855
0.9098982958736104,-0.42012347895721525
-0.7426769471158587,0.7161738338456823
1.4784429778244281,-0.4402281263796976
-0.772468087282759,0.5533037039604745
0.8362117516809234,0.55619846533982
0.11194082058281532,-0.050314849046289245
1.0890113770982166,-0.4550451239350888
1.5001603181278638,-0.38262485368715377
0.2579452112873384,0.8085157711150979
1.1645719009824413,-0.5003578821922523
1.8294664745560623,-0.12930091101300115
0.272140535146979,-0.18299828588371433
0.8146787981525432,-0.4756885465621622
0.962961586929407,-0.04040128920785724
-0.49071036865826084,0.9361218761135482
0.7734313444086207,0.7936080124865349
1.93230565146633,0.18558615922708005
0.07196869900553665,0.9808349436700363
0.9073360354397367,0.43707128566371156
0.9553176865019654,0.39369421320787024
-0.7717725255786445,0.7255242790548173
1.6504220283032593,-0.23650627812685493
-0.7753010299725535,0.6500725874613191
-0.8574951446144019,0.5100255850211537
-0.5643519353507306,0.8064190857564966
-1.006942446129417,0.15146811953132988
1.4266528062519825,-0.4523734575215152
1.7263683235689724,-0.27613459454783057
1.4974941791737797,-0.3638391844722562
0.19748520078428902,1.0365763899310656
-0.1761047715119304,0.8870419068746452
0.13547806122405978,0.19276255551435337
0.1331641280104823,-0.07495252653401688
1.8418471158635739,-0.14762301980842069
1.6995422120361392,-0.24846957349383952
-0.837609811480164,0.4548559594403631
0.8794562616227111,0.3043702721073821
0.005578457397836559,0.4951617029519192
-0.1739360934300679,0.9768771084805858
2.0533394079347156,0.4489393645708178
-0.02554050156486491,1.044190072215796
0.6373958842261721,-0.4610410020342169
0.23952807895155964,0.10245932503205643
0.6021355566809062,0.8410637923421634
-0.3307511033296261,0.8753365470700739
0.13254866345661648,0.08391897901565859
0.7518214183270443,0.6822465882421741
1.8379975789893246,-0.20848601309418147
-0.9084363399513695,0.4265662315424569
0.22555718100281205,-0.2098010739644652
0.9348205581645881,0.3160377646062247
-0.0068509793694168306,0.3518216123771258
0.23248492394949144,-0.027245381018458442
1.9204787075873382,0.13347821281503175
0.32224848028853875,-0.2331620995680684
1.9947796766779198,0.30313128388300004
-0.7428029329660638,0.7013936278195165
1.6742655773556212,-0.1775722061991007
-0.9023095954668595,0.25818451772783135
-0.7145627750224138,0.6380652016885808
0.08689183657269958,0.39236388707671016
-0.3626712119573894,0.9091712071632266
-0.29451317067207666,0.9525268625541837
0.8659583896748801,0.3037534513538439
0.41746017042406963,0.8688506682251624
0.22485345665467546,0.963879076974354
0.2723819134263795,-0.11163759856438071
0.5935980666705641,0.860214554717595
0.7010946633691661,-0.46477727349206926
0.9198567177739063,0.0524708927028769
1.0524665797108854,-0.5405513397129268
0.9249479601693883,0.2087823820482461
0.46526018163274635,-0.2866018866841945
1.8459276161991878,0.0016766859956368202
-0.6854433691960584,0.7580730440289781
1.3298356216117158,-0.48789103977165377
0.015530941326136801,0.3255356197063199
0.5876150696576045,-0.3939365827462009
1.0988099919845697,-0.42787776027568775
0.5998910351139911,-0.4262755394742444
-1.0419669237115459,0.07177324294273692
0.5936418287034739,-0.4608980412673425
-0.4507399175738336,0.8936520469830731
0.4413879287536903,0.8221159202786449
0.5397052951186471,0.7604231243603793
0.1677643878972115,-0.014588240069988247
0.36933978275401624,-0.2760313669862376
0.1105922022323026,0.12644947028044046
-0.16119173650142804,0.9189244917056115
1.181092780234664,-0.5288648338999876
0.8422876525950016,0.3230409103884922
1.9231035966955539,0.12992988796987845
-1.0230220238616137,0.06546425385116378
0.9557098060952677,-0.4086743320015251
0.052595829855943174,0.2962925610654591
-0.005166359355065361,0.19134976132348602
1.5479919529528652,-0.3972893326463615
1.844512328879234,-0.09349224523880692
1.9437692114525222,0.13674325426559977
1.640621398400435,-0.11075057144508099
1.0667215456847805,0.1480442475475064
-0.16934434622017916,0.9967660981707129
0.7231449888446528,0.6391129654689499
0.8813195429987803,0.428893500732032
0.35755157410531363,-0.21838934651919303
-0.7438437281051161,0.6555613610381517
0.9838938834663986,0.432179900383802
0.02985434539868914,0.9931613778567406
1.1681132270698018,-0.45365270761372894
2.0440438367091134,0.5675543428238756
0.8737637183884099,0.5580385429941555
1.7920774470352736,-0.19581646643443534
-0.467529273419987,0.8919965082981776
0.9536393778224316,0.022324658883694348
0.04039541417138189,0.13603759986372344
1.3757121931065492,-0.5232328885288348
0.46468909686818,-0.31521343099576515
0.27531528619031265,-0.08026215249610295
-1.000489223263623,0.1139921940489719
-0.5994500169795592,0.7459026274398189
0.3545254124463784,-0.311485905895468
-1.096171387171329,0.1589884390533673
0.17169301790975422,-0.08664558255506256
0.5918972985360331,0.6868577543629061
-0.11973829655175959,0.9521128421120552
0.9491011012117285,-0.027424370462667505
-0.25653091910582543,0.8735867876673855
-0.25253795577854476,0.9607841496517543
-0.052856162913570995,0.3032634720813687
0.689914457350164,0.7013157425583867
-0.7345319082457148,0.6728172259543963
0.7194434533437764,0.6883604332459008
-0.9688929050416266,0.13998413760784822
1.080747688761087,-0.45162316109360673
0.5585196960462883,0.8468523689183851
1.7443387386642615,-0.14221686505536946
1.0476727426488304,-0.5028745688217833
0.564072774468801,-0.40761592027527743
0.2650928949995384,-0.2036503531663811
0.046971553739482405,1.0353467186550822
0.6446943339788253,0.6851718946106834
-0.9877138935598861,0.29047700345902416
0.3608983147162041,0.9116533947917907
0.16959241289823843,-0.09746276616303129
0.2238251570606077,-0.13210402480568476
-1.0150289585351435,0.3267798599551832
0.5268753262334844,0.9081211501928899
0.21367657381397215,0.9779315130170128
-0.6041814210552084,0.7029021435761098
0.423683212472424,-0.3732486210795605
0.25608371810791186,0.8912818764872232
0.5618430432590059,-0.43792139296554866
0.004276592637933825,1.075525548947793
1.6540692739154346,-0.2903744730506691
0.017280616184060814,0.28074738743288563
-0.018527120977675386,1.019538222278266
0.38622745453328955,0.9225655055624167
0.530750443600063,-0.3421718089078354
0.6480097868464157,-0.3865445364769181
-0.45092590810466676,0.9418148220888893
0.019093641263544597,0.9979184118552171
1.0725431318474203,0.13670416774765987
0.43330990352555443,0.8867923433722884
0.27371733587059227,-0.2517494935376678
-0.38467031424764303,0.8818052329524352
1.9717441490720051,0.35447634605669953
1.9889466714468642,0.39727675205882507
1.6647473150147907,-0.2301827999767073
-0.902405092701024,0.5382824605188494
0.6621914921738946,0.7589775490295256
0.3823120108929668,0.9827341965858937
0.05211336647521079,0.16104815889589505
-0.6485103777127728,0.671131472011408
0.17028279343517794,0.9315294320280254
0.5563116348530484,0.8351307989522
0.18998228266195263,-0.06952710530886522
0.3020925627353854,-0.2629014855564676
0.04970612870077054,1.0843641927223355
1.7169319002944132,-0.19473952239582565
1.9587625177712649,0.14957406680215254
0.8246455626866247,0.4821936614046009
1.059050864400593,-0.50394694144372
1.0934373777828397,-0.4449169635492398
0.11045758014635869,0.2517022154708691
0.5713696879716766,0.7418883672968053
0.27774118004003406,0.961143436743839
-1.036775773196629,0.24078643313578751
0.8002115700785215,0.5626916482576312
1.9085154497037455,0.1594060431362761
0.47030226803033526,-0.3688122761941322
-0.06577030585268002,0.30365400722101277
0.9977833951931686,-0.5089159523787335
1.7029278262181518,-0.16823706533905836
0.25452191448534595,-0.23786091107792479
0.0930779185235737,0.4371115307806723
1.049326263117794,0.28236056771076506
0.02725938542218192,0.40475151300488715
-0.9748011443040362,-0.03271750390255078
-0.995388352498633,0.47505820145373734
0.8486656351608306,0.44079240651543905
0.23057439187033776,-0.022458931197955577
0.6015846750644916,0.7463240458407583
1.6715097809522101,-0.29783449929303096
0.6052094755368027,0.8055874804746831
-0.9704525851174219,0.21306380368727013
1.6568387959779391,-0.27015342610220083
1.9047615710750248,0.04162329975668294
1.1960269459090007,-0.4289152374060792
-0.25653336459032633,1.0328964390075548
0.7273542645731417,-0.5132006468752961
0.8187421489606994,0.5933536855148022
0.5390783489255535,-0.4429378644367816
0.033438050284947646,0.4704893116697007
1.739141099108785,-0.26274110637786163
-0.7396396524215796,0.7322542697075464
2.0141792908211795,0.23987197948968741
1.185900872278385,-0.4876701823905775
-0.812833586852669,0.6276850524825229
-0.04277859182211313,1.0485147963834398
0.3098688978661175,0.9245198895312098
-0.646627617694349,0.6770852263533627
-0.9482638303116346,0.39393988211060627
1.837863098902693,0.18576702971930964
-0.8482064278018409,0.46174079761724013
0.3872923200672894,-0.3791874638866076
0.9037664798310054,0.40968313218299135
0.05114163445277116,0.9350517907070529
0.10679143296288268,0.4029730708919209
-0.899241057358466,0.6290196645988749
-0.7234000001318056,0.6137083568964702
-1.0082071630247873,0.1874508020887466
-0.7731980524083854,0.6018427966149268
-0.8290283393482976,0.5756513473605759
0.1984401280782076,-0.009727349840874715
1.0356871764285787,0.099029637425278
0.23109348298738244,0.9757508497212976
0.20056035495744323,0.9644976822297658
0.3100353932952319,-0.17941129501320607
2.038972364449369,0.45613646208962655
0.08664021465265917,0.0008323058987896592
1.3770401232397156,-0.4564785782445709
1.0771290686759056,0.10050312417016671
1.831692092939649,-0.14995156258897951
1.0484200603937663,-0.43910224194747066
-0.07338816720584568,1.0568203159125278
0.9688366250769413,0.09588478198777318
0.8865660913170255,0.5748488094990113
1.032662179631779,-0.49893351068213043
0.9640336748218303,0.2621685543933056
-0.7831378511415197,0.6259340371838278
0.16610276914339545,0.9762138890202542
0.8433330293876172,-0.530553526916243
-0.38871911200209175,0.9165789751995763
0.884048696395773,-0.49876026870729123
0.3175136777852944,-0.1984248087664765
0.905464263259513,0.38420962828368355
-0.7642541666239445,0.7378994667606952
0.7192250070538345,-0.47637446929474464
-0.960945566607925,0.2335397215741128
0.9486072420920766,0.2108087737349435
1.3394285629801854,-0.39021634697950663
0.9663263208722023,0.06080956292075254
1.3039656039756915,-0.48912426676268417
-0.8394246336872195,0.5695408060389164
0.704048300165441,-0.4397968108242617
0.8177608823090127,0.6631532435085836
1.9582217067569816,0.2889770281050705
2.0391848753273987,0.258171406375498
0.7242796713934423,0.5426736049116173
-0.3503091252749123,0.9510411369763772
-0.9383271571762187,0.49622556463785783
0.8165782242231593,0.5621023439524849
1.0172596283224833,0.2148186102367861
0.8921372165268956,-0.515094851335792
1.9284361976138236,0.29471826542316376
1.9736103617688323,0.2982278426689891
0.80565410756103,0.551769645304139
-0.8961174796435815,0.45556735127054343
1.4001277131510976,-0.4074418101362543
0.23829451229550416,-0.08655299904104258
1.9410597178420788,0.3490231038362987
-0.340425629976412,1.0175167972719261
0.06062117033783482,0.15848675763437536
-1.0556856335265006,0.1386392326228794
0.4255341723872276,-0.2851747085348713
0.6414208335947538,-0.4172393394326602
0.7969590165382274,0.6491869168741541
-0.2642870163100654,0.9465963076682223
1.3610471159119868,-0.5329814840519815
1.8177596171331851,-0.05007290685212884
-0.04289378128526418,0.4695915364226446
0.8363571244154551,0.401215045148139
-0.5229975615648494,0.8644800175204291
-0.9138218444523953,0.4956927621071188
1.5368512872420292,-0.3156123783107423
-0.8295299376259236,0.5232925427845219
1.7352774362731018,-0.13320973790346052
1.6854331448096682,-0.25864147337888266
0.6382300023268854,0.843009894199334
0.04940558412511086,0.20440889561881048
-0.6995344725188255,0.6693466355688388
0.8907535421485874,-0.4819459434370252
1.7930531919347676,-0.11642329032212144
1.2871304816533542,-0.4280817673050485
1.399437098097408,-0.43962414057341004
0.7016380128715348,-0.41158969022090097
-0.9316345028623663,0.2899119810615324
0.782116818624234,-0.4843833135419317
2.009139891115808,0.4484065721689896
0.29912885998022276,0.9415621085571508
0.08896540634758116,0.957238121836238
-0.9845850149374243,0.03088837859033991
0.10333020949911811,0.022789206641365745
0.011239407321124367,0.3183912089521952
1.9066599345335806,0.20159972669219886
1.765232325709088,-0.21078227251074966
-0.6586532126584033,0.7927427848534458
0.1474444785356962,1.0268608234491472
-0.5311560491450253,0.9455497907443816
0.21772833535239397,0.9942211143914189
-0.039644727560712745,0.97640421865352
0.015492684760308066,0.46285622446975594
0.21160303228169208,0.2686182578546222
1.9450612760135453,0.02676167757446038
1.033726494667495,0.22253839289017632
-0.46103526406765805,0.9055507613679346
0.5741325090964748,0.8590051109586709
1.5909295999481246,-0.11999556939698793
-0.7551363326001121,0.6643880952912165
0.4080962641628349,0.979011838344282
1.5571976629265054,-0.21515585943225035
0.4061050408846943,1.0152946207880527
0.5679362040454613,-0.43136714835625567
0.2800266139520443,0.9235081493446742
1.26325629968174,-0.4698112818895261
0.8761437909724563,0.4629586922387165
1.0975944061500291,-0.519784055380448
0.22676784959499485,-0.14248221232470218
-0.849124819350443,0.5737083450392121
2.0033465224880835,0.5111749041003333
-0.9380537107170711,0.5056300447061852
0.826336103868657,-0.5254583871547207
-0.019906331064344394,0.933338075481834
0.6101875031662746,0.7822127193437116
1.6213142651345929,-0.2793851324079118
1.4669151056481688,-0.4383283948455566
1.3015644022394826,-0.30660409345845735
0.14430585666881435,-0.11557344645093064
-0.673251999398595,0.7936423093205565
1.948477057367517,0.38864797864047207
0.27329812176595425,-0.20081591265577742
-1.009019012488608,0.1631318534155744
0.006523680416917944,0.4051117043634807
0.799484430024368,-0.4718525623166635
0.14223068638785502,-0.09130457730667059
-0.6672634674393697,0.7873914097881826
-0.1514640182524995,0.9537152199728732
0.019775417035722078,0.4937505156949511
1.8359599718717194,-0.03048547175976022
1.8912518324562655,0.11472131305207285
0.8069650215743465,0.6841208076915043
0.1488195567164394,-0.11211268186595232
1.8063424911069892,-0.057668794749385056
0.08038580460493766,0.5210236478946221
0.5023057936537337,0.7847123313647469
1.9311697374391616,0.17714453956491552
0.3941454706677747,0.9321914032111946
-0.4806757276336638,0.7921345274735615
0.030690574619896754,0.9519260018695932
1.674807032073988,-0.22093635456152352
1.9276452575767038,0.21843159376724516
-0.3868979659761318,0.9321361901846793
0.05230202639920703,0.05955099632371158
-0.29307347773656733,0.9951159138023798
0.5674368373970846,0.8201986107229213
-0.42286602247611776,0.8556652409798315
1.7732403748597743,-0.17719034953124602
1.0777484366076744,-0.48188732495384495
0.05610656320271623,-0.020041477098762292
1.081674272850079,-0.0019098019463843381
0.4031011640606481,0.9437797135544937
-1.0678864425513437,0.1386070340806015
1.5652190252060776,-0.4128631672486196
1.0519183950102147,0.10554804918592582
0.4186560173872159,-0.3117143464098442
0.6444925655295817,0.7837329390181978
1.9525887556947066,0.2732616392545559
1.9279887643588487,0.05922922878635771
0.9207272562178933,0.35567897281505784
0.39097478597658786,-0.375252430825528
1.9263503589551634,0.20195678713196774
0.8996359172923352,-0.48481017974760754
